{"std_all_episodes": 0.0, "mean_all_episodes": 640.1999999999299, "episode_rewards": [640.1999999999299], "number_episodes": 1}