{"number_episodes": 8, "episode_rewards": [815.2999999999766, 823.0999999999766, 822.699999999974, 834.7999999999801, 851.1999999999814, 846.6999999999731, 322.48196721309637, 640.5999999999324], "mean_all_episodes": 744.6102459016113, "std_all_episodes": 171.82258028415802}