{"number_episodes": 1, "episode_rewards": [501.8547945204938], "mean_all_episodes": 501.8547945204938, "std_all_episodes": 0.0}