{"mean": 370.31582178651627, "std": 19.099837086007295, "episode_rewards": [388.1720930232499, 374.6201438848856, 361.8689655172337, 389.1617021276529, 337.7562043795591]}