{"mean_all_episodes": 793.9999999999673, "episode_rewards": [793.9999999999673], "number_episodes": 1, "std_all_episodes": 0.0}