{"number_episodes": 5, "episode_rewards": [815.2999999999766, 823.0999999999766, 822.699999999974, 834.7999999999801, 851.1999999999814], "mean_all_episodes": 829.4199999999777, "std_all_episodes": 12.552195027167796}