{"mean_all_episodes": 781.1499999999629, "episode_rewards": [793.9999999999673, 691.1999999999459, 813.3999999999712, 766.6999999999563, 816.9999999999719, 804.599999999965], "number_episodes": 6, "std_all_episodes": 43.474350675627576}