{"number_episodes": 11, "episode_rewards": [815.2999999999766, 823.0999999999766, 822.699999999974, 834.7999999999801, 851.1999999999814, 846.6999999999731, 322.48196721309637, 640.5999999999324, 852.1999999999831, 844.8999999999738, 842.1999999999794], "mean_all_episodes": 772.3801788375298, "std_all_episodes": 153.40335480068876}