{"episode_rewards": [578.7667896678884, 397.9818181818124, 388.82821316613865, 461.2617940199265, 478.03129251700017, 404.88474576270664, 395.0076677316254, 433.75061728394525, 417.48488745979927, 440.8958904109523, 505.1639846743192, 454.5445255474376, 504.1956043955956, 384.4416382252475, 363.0587859424893], "mean": 440.5532169991256, "std": 55.93089671775958}