{"std": 69.55258009162795, "episode_rewards": [-113.8259259259265, -169.67286821705335, -169.28831168831223, -118.24594594594633, 10.487022900764146, -186.36687898089247, -177.88985507246448, -94.65231788079535, -106.83630573248466, -174.15616438356204, -194.64052287581757, -206.67033639143762, -189.24048338368613, 31.295698924732903, -106.78873720136582], "mean": -131.0994621236165}