{"std_all_episodes": 0.0, "number_episodes": 1, "mean_all_episodes": 686.7999999999553, "episode_rewards": [686.7999999999553]}