{"std_all_episodes": 46.49437241933469, "mean_all_episodes": 702.8999999999479, "episode_rewards": [640.1999999999299, 751.3999999999567, 717.0999999999572], "number_episodes": 3}