{"episode_rewards": [807.2999999999748, 811.8999999999764], "number_episodes": 2, "std_all_episodes": 2.300000000000807, "mean_all_episodes": 809.5999999999756}