{"number_episodes": 2, "episode_rewards": [815.2999999999766, 823.0999999999766], "mean_all_episodes": 819.1999999999766, "std_all_episodes": 3.8999999999999773}