{"number_episodes": 2, "episode_rewards": [804.0999999999837, 794.8999999999671], "mean_all_episodes": 799.4999999999754, "std_all_episodes": 4.600000000008265}