{"mean_all_episodes": 766.3249999999601, "episode_rewards": [793.9999999999673, 691.1999999999459, 813.3999999999712, 766.6999999999563], "number_episodes": 4, "std_all_episodes": 46.437774225310285}