{"number_episodes": 8, "episode_rewards": [825.5999999999759, 859.7999999999779, 825.599999999974, 850.6999999999749, 742.8999999999475, 847.5999999999794, 859.8999999999816, 753.599999999955], "mean_all_episodes": 820.7124999999708, "std_all_episodes": 43.72117443243026}