{"episode_rewards": [447.6547854785457, 595.8784313725366, 314.69361702126565, 760.4271777003363, 678.7473684210389, 622.7729729729605, 771.8538720538581, 776.163636363622, 525.2071661237685, 534.8364963503634, 802.6776978417105, 592.3566343041953, 482.8388692579422, 749.4503496503377, 610.3263157894597], "mean": 617.7256927134626, "std": 136.646133683112}