{"std_all_episodes": 66.59238995562602, "mean_all_episodes": 717.1599999999529, "episode_rewards": [640.1999999999299, 751.3999999999567, 717.0999999999572, 822.6999999999791, 654.3999999999412], "number_episodes": 5}