{"number_episodes": 5, "episode_rewards": [825.5999999999759, 859.7999999999779, 825.599999999974, 850.6999999999749, 742.8999999999475], "mean_all_episodes": 820.9199999999701, "std_all_episodes": 41.30236797086704}