{"episode_rewards": [382.19436619717806, 442.65714285713455, 367.59661016948746, 378.8209790209726, 441.61818181817245, 403.2965034964983, 421.2285714285636, 428.9828793774236, 405.2151624548668, 364.0857142857106, 360.3263157894683, 387.60487804877425, 412.1674911660721, 367.3767918088684, 445.25454545453977], "mean": 400.5617422249154, "std": 29.404125330999406}