{"number_episodes": 3, "episode_rewards": [825.5999999999759, 859.7999999999779, 825.599999999974], "mean_all_episodes": 836.9999999999759, "std_all_episodes": 16.122034611054673}