{"number_episodes": 1, "episode_rewards": [748.0999999999725], "mean_all_episodes": 748.0999999999725, "std_all_episodes": 0.0}