{"episode_rewards": [807.2999999999748, 811.8999999999764, 757.8999999999613, 823.3999999999767, 827.4999999999723], "number_episodes": 5, "std_all_episodes": 24.957243437532366, "mean_all_episodes": 805.5999999999723}