{"episode_rewards": [-93.8507936507926, -93.46599326599222, -92.29486166007807, -93.74838709677314, -93.6210526315779, -93.08256227757906, -92.73731343283482, -93.39727891156359, -94.13939393939286, -93.27958477508548, -93.83057324840658, -93.5554817275737, -93.9106918238983, -94.436311239192, -93.37406143344606], "std": 0.5194249237915849, "mean": -93.5149560742791}