{"number_episodes": 10, "episode_rewards": [839.1999999999739, 869.7999999999851, 864.1999999999792, 687.4999999999359, 813.8999999999613, 810.0999999999597, 837.8999999999678, 835.59999999997, 640.1999999999236, 809.4999999999596], "mean_all_episodes": 800.7899999999617, "std_all_episodes": 71.97611339883906}