{"number_episodes": 3, "episode_rewards": [844.6999999999716, 904.2999999999814, 832.2999999999685], "mean_all_episodes": 860.4333333333071, "std_all_episodes": 31.42879076403091}