{"number_episodes": 4, "episode_rewards": [885.69999999998, 899.8999999999851, 892.4999999999881, 873.5999999999767], "mean_all_episodes": 887.9249999999824, "std_all_episodes": 9.675839756841384}