{"number_episodes": 13, "episode_rewards": [844.6999999999716, 904.2999999999814, 832.2999999999685, 891.4999999999842, 910.2999999999847, 914.5999999999833, 913.1999999999825, 906.6999999999846, 797.099999999965, 906.49999999998, 906.999999999981, 904.4999999999819, 886.9999999999751], "mean_all_episodes": 886.130769230748, "std_all_episodes": 35.77578434587503}