{"number_episodes": 8, "episode_rewards": [839.1999999999739, 869.7999999999851, 864.1999999999792, 687.4999999999359, 813.8999999999613, 810.0999999999597, 837.8999999999678, 835.59999999997], "mean_all_episodes": 819.7749999999667, "std_all_episodes": 53.68560677687704}