{"episode_rewards": [903.7999999999868, 816.2879598662033, 334.96493506492516, 874.2589743589629, 361.732061068689, 889.5193771626206, 547.5510067113973, 901.6999999999837, 253.1763532763422, 445.05050167222845, 419.43124999998554, 418.29464882942875, 390.09607843137155, 622.8729729729591, 905.4999999999901], "std": 240.3138624971344, "mean": 605.6157412943382}