{"number_episodes": 4, "episode_rewards": [904.6999999999892, 907.8999999999886, 830.0999999999704, 920.0999999999882], "mean_all_episodes": 890.699999999984, "std_all_episodes": 35.45617012595342}