{"number_episodes": 18, "mean_all_episodes": 805.9999999999658, "episode_rewards": [870.4999999999816, 773.2999999999558, 760.9999999999524, 803.8999999999622, 872.6999999999828, 794.6999999999666, 802.6999999999687, 876.1999999999789, 818.5999999999776, 795.7999999999653, 864.6999999999845, 809.4999999999629, 725.4999999999447, 662.299999999936, 868.299999999974, 807.1999999999687, 753.899999999949, 847.1999999999719], "std_all_episodes": 55.737340366333754}