{"std": 25.52226210359452, "mean": -87.20917838450511, "episode_rewards": [-93.7363057324847, -123.73876221498445, -83.8176470588242, -48.009756097559595, -112.9649350649356, -99.227915194347, -44.76567164178876, -75.33726708074694, -76.41408450704293, -114.07943925233694]}