{"std": 205.24939383714323, "mean": 749.4631677428977, "episode_rewards": [918.5999999999904, 905.2999999999832, 872.4490196078245, 726.9893371757757, 893.0034482758455, 846.0279461279285, 306.49340659339174, 382.0428571428419, 826.074496644279, 604.3673539518754, 893.0506849314887, 824.9814332247365, 904.5999999999846, 432.36753246753295, 905.5999999999875]}