{"number_episodes": 5, "mean_all_episodes": 816.279999999967, "episode_rewards": [870.4999999999816, 773.2999999999558, 760.9999999999524, 803.8999999999622, 872.6999999999828], "std_all_episodes": 47.285194300131735}