{"number_episodes": 8, "mean_all_episodes": 819.3749999999686, "episode_rewards": [870.4999999999816, 773.2999999999558, 760.9999999999524, 803.8999999999622, 872.6999999999828, 794.6999999999666, 802.6999999999687, 876.1999999999789], "std_all_episodes": 43.794027846281985}