{"number_episodes": 2, "mean_all_episodes": 821.8999999999687, "episode_rewards": [870.4999999999816, 773.2999999999558], "std_all_episodes": 48.60000000001287}