{"number_episodes": 3, "episode_rewards": [839.1999999999739, 869.7999999999851, 864.1999999999792], "mean_all_episodes": 857.7333333333128, "std_all_episodes": 13.302965417116656}