{"number_episodes": 7, "episode_rewards": [904.6999999999892, 907.8999999999886, 830.0999999999704, 920.0999999999882, 831.3999999999672, 839.3999999999743, 829.7999999999744], "mean_all_episodes": 866.1999999999789, "std_all_episodes": 39.06734112859234}