{"number_episodes": 25, "episode_rewards": [844.6999999999716, 904.2999999999814, 832.2999999999685, 891.4999999999842, 910.2999999999847, 914.5999999999833, 913.1999999999825, 906.6999999999846, 797.099999999965, 906.49999999998, 906.999999999981, 904.4999999999819, 886.9999999999751, 878.5999999999852, 904.5999999999862, 904.8999999999908, 909.1999999999812, 906.2999999999911, 718.4999999999454, 910.7999999999861, 748.8999999999486, 910.099999999991, 906.6999999999833, 870.3999999999816, 922.2999999999944], "mean_all_episodes": 880.4399999999796, "std_all_episodes": 52.00479977849301}