{"mean": 794.423367361313, "std": 160.240707888641, "episode_rewards": [900.0999999999904, 686.8415807559982, 876.2779527558927, 919.3999999999909, 701.2468013467852, 908.2999999999882, 862.5168224298872, 906.8999999999834, 902.2999999999811, 876.5536964980414, 451.98333333331976, 908.799999999987, 672.4752508361046, 439.7550724637546, 902.8999999999907]}