{"mean_all_episodes": 918.2999999999856, "episode_rewards": [921.1999999999842, 918.1999999999838, 918.1999999999866, 914.6999999999846, 920.6999999999892, 916.7999999999855], "number_episodes": 6, "std_all_episodes": 2.213594362118519}