{"std_all_episodes": 33.88613285697258, "number_episodes": 4, "episode_rewards": [906.2999999999832, 839.4999999999744, 921.499999999993, 921.4999999999852], "mean_all_episodes": 897.1999999999839}