{"number_episodes": 11, "episode_rewards": [895.6999999999834, 843.8999999999712, 890.199999999984, 838.1999999999673, 820.0999999999619, 878.0999999999802, 898.299999999982, 801.3999999999572, 878.9999999999797, 904.7999999999886, 897.1999999999816], "mean_all_episodes": 867.8999999999763, "std_all_episodes": 34.121201087256786}