{"mean_all_episodes": 918.3199999999849, "episode_rewards": [909.1999999999881, 923.8999999999837, 916.1999999999827, 913.8999999999826, 928.3999999999877], "number_episodes": 5, "std_all_episodes": 6.927452634266289}