{"mean": 723.4636462093424, "episode_rewards": [684.1999999999326, 772.0999999999507, 735.8999999999492, 837.2999999999759, 328.9364620938466, 564.0999999999106, 822.1999999999629, 878.0999999999764, 745.5999999999452, 866.1999999999753], "std": 158.93203963614062}