{"mean_all_episodes": 917.8799999999883, "episode_rewards": [922.1999999999882, 921.2999999999887, 918.8999999999886, 908.7999999999904, 918.1999999999854], "number_episodes": 5, "std_all_episodes": 4.773845410148146}