{"number_episodes": 11, "mean_all_episodes": 821.2818181817888, "episode_rewards": [870.4999999999816, 773.2999999999558, 760.9999999999524, 803.8999999999622, 872.6999999999828, 794.6999999999666, 802.6999999999687, 876.1999999999789, 818.5999999999776, 795.7999999999653, 864.6999999999845], "std_all_episodes": 40.35532674499144}