{"number_episodes": 8, "episode_rewards": [844.6999999999716, 904.2999999999814, 832.2999999999685, 891.4999999999842, 910.2999999999847, 914.5999999999833, 913.1999999999825, 906.6999999999846], "mean_all_episodes": 889.69999999998, "std_all_episodes": 30.458537391023}