{"mean_all_episodes": 909.8799999999828, "std_all_episodes": 8.911655289565132, "episode_rewards": [913.6999999999822, 894.2999999999801, 917.8999999999834, 917.5999999999873, 905.8999999999813], "number_episodes": 5}