{"number_episodes": 11, "episode_rewards": [904.6999999999892, 907.8999999999886, 830.0999999999704, 920.0999999999882, 831.3999999999672, 839.3999999999743, 829.7999999999744, 898.7999999999887, 910.5999999999929, 885.9999999999782, 909.8999999999921], "mean_all_episodes": 878.9727272727094, "std_all_episodes": 35.960940702364226}