{"number_episodes": 3, "episode_rewards": [895.6999999999834, 843.8999999999712, 890.199999999984], "mean_all_episodes": 876.5999999999796, "std_all_episodes": 23.23115723908171}