{"number_episodes": 5, "episode_rewards": [839.1999999999739, 869.7999999999851, 864.1999999999792, 687.4999999999359, 813.8999999999613], "mean_all_episodes": 814.9199999999671, "std_all_episodes": 66.7334219113803}