{"number_episodes": 14, "episode_rewards": [895.6999999999834, 843.8999999999712, 890.199999999984, 838.1999999999673, 820.0999999999619, 878.0999999999802, 898.299999999982, 801.3999999999572, 878.9999999999797, 904.7999999999886, 897.1999999999816, 815.6999999999616, 879.2999999999793, 774.8999999999616], "mean_all_episodes": 858.3428571428315, "std_all_episodes": 40.56024996904978}