{"std": 4.109746648890614, "mean": -67.49177972624939, "episode_rewards": [-65.37777777777839, -75.70975609756107, -64.12877697841793, -69.33076923076975, -69.21196911196951, -68.18510638297937, -64.38571428571511, -68.29787985865782, -72.41833910034612, -62.36415094339707, -67.95714285714342, -66.08639455782391, -67.73754045307506, -72.4076923076924, -58.77768595041405]}