{"number_episodes": 7, "episode_rewards": [895.6999999999834, 843.8999999999712, 890.199999999984, 838.1999999999673, 820.0999999999619, 878.0999999999802, 898.299999999982], "mean_all_episodes": 866.3571428571187, "std_all_episodes": 29.336951693970356}