{"std": 141.79866184587502, "episode_rewards": [920.9999999999942, 657.0884984025432, 890.5832298136488, 639.4498392282808, 909.299999999993, 787.7504672897012, 656.5666666666533, 892.7825622775664, 875.4244755244596, 409.89999999998537, 701.9134228187768, 711.9805369127364, 902.099999999986, 877.0241830065161, 873.6704918032656], "mean": 780.4356249162738}