{"episode_rewards": [568.8189189189038, 682.0782178217714, 799.2288590603862, 715.081518151808, 853.6366548042581, 396.25036496349, 298.01912225704103, 790.2225806451519, 659.097324414701, 911.1999999999881, 857.1368421052488, 477.2584905660216, 522.1222222222083, 373.40993377482124, 452.0235521235359], "mean": 623.7056401219556, "std": 190.83430461582557}