{"episode_rewards": [245.0578231292469, 532.5310344827155, 240.65185185183174, 95.14049586776952, 397.5090909090603, 599.0388888888561, 163.29317406142792, 395.38865248222135, 272.20458715592383, 283.53225806451286], "mean": 322.43478568935666, "std": 150.10314803079186}