{"episode_rewards": [660.89999999994, 844.7999999999785, 848.199999999969, 805.0999999999628, 785.0999999999542, 861.8999999999809, 762.4999999999592, 715.399999999939, 890.0999999999774, 890.2999999999802], "mean": 806.4299999999641, "std": 72.23626582266053}