{"number_episodes": 3, "episode_rewards": [853.7999999999779, 877.499999999981, 863.9999999999781], "mean_all_episodes": 865.099999999979, "std_all_episodes": 9.70669871789712}