{"number_episodes": 10, "episode_rewards": [853.7999999999779, 877.499999999981, 863.9999999999781, 844.2999999999715, 881.6999999999837, 834.7999999999705, 888.1999999999827, 865.1999999999762, 880.6999999999871, 747.8999999999488], "mean_all_episodes": 853.8099999999758, "std_all_episodes": 38.91931268664417}