{"number_episodes": 7, "episode_rewards": [853.7999999999779, 877.499999999981, 863.9999999999781, 844.2999999999715, 881.6999999999837, 834.7999999999705, 888.1999999999827], "mean_all_episodes": 863.4714285714064, "std_all_episodes": 18.608731766548605}