{"episode_rewards": [289.2736842105284, 493.42549800795706, 375.8383386581418, 142.96109422492898, 214.6788927335675, 318.7189189189094, 288.11615120274877, 171.83065134100084, 330.5116104868913, 237.77909407665976, 439.6773006134882, 352.9249999999904, -93.72750809061382, 268.7024390243943, -19.44730538921806], "mean": 254.084257334625, "std": 151.80616734928137}