{"episode_rewards": [807.2999999999748, 811.8999999999764, 757.8999999999613, 823.3999999999767, 827.4999999999723, 732.3999999999531, 753.9999999999527, 755.0999999999589, 821.2999999999715], "number_episodes": 9, "std_all_episodes": 35.1214084759417, "mean_all_episodes": 787.866666666633}