{"episode_rewards": [-106.98387096774243, 538.5959866220627, 263.7705882352908, 378.76440129449156, 442.17288135592366, -86.53255813953551, 458.9054313098961, 478.7473684210417, 332.7896907216393, -27.207299270073246, 520.6053691275076, -78.29783393501862, -180.07272727272792, 454.2217687074759, 350.1105590062072], "mean": 249.30598368109588, "std": 254.95557501932103}