{"episode_rewards": [807.2999999999748, 811.8999999999764, 757.8999999999613, 823.3999999999767, 827.4999999999723, 732.3999999999531, 753.9999999999527], "number_episodes": 7, "std_all_episodes": 35.67735233153419, "mean_all_episodes": 787.7714285713953}