{"episode_rewards": [394.6096885813093, 352.3316455696158, 384.22906574393994, 434.8553505534988, 329.2871794871779, 397.95498154980976, 331.17254901960433, 491.2396887159447, 387.3444839857598, 308.0278481012646, 399.79999999999274, 406.99424460430777, 413.9843971631149, 336.75014662756377, 326.66567164178946], "mean": 379.68312942297956, "std": 47.52664518659951}