{"episode_rewards": [295.29839228295793, 348.43013698629744, 345.02968197879557, 382.0695035460942, 367.1539518900274, 170.82803738318248, 446.9014492753549, 303.9297935103236, 302.83030303030114, 388.3496183206063, 369.05566343041454, 408.21750841749997, 252.4315789473723, 407.6124999999943, 50.30167224080535], "mean": 322.5626527493352, "std": 98.91778636884258}