{"episode_rewards": [651.4556291390635, 663.1333333333215, 609.4774193548275, 783.9698841698676, 661.3894039735001, 625.5525083611905, 533.7285714285616, 653.8983606557263, 508.0191780821805, 246.33465346534737, 733.1333333333214, 589.9408450704108, 620.1947368420933, 642.3742574257327, 700.5117437722296], "mean": 614.8742572271583, "std": 119.06285377151414, "history_length": 5, "model_path": "/home/maczek/Documents/UNI/Deep-Learning-LAB/exercise3/models/5/20181220-202223/agent.ckpt"}