{"episode_rewards": [601.3873015872894, 661.5449664429398, 494.57124183005516, 677.5777777777656, 539.6809523809424, 293.41702127659835, 283.70092879255907, 711.8567375886408, 713.4200716845746, 698.4577181207923, 866.1865546218387, 685.764912280686, 663.7344262294961, 527.2509803921474, 662.3899280575389], "mean": 605.3961012709243, "std": 151.58956716121867}