{"episode_rewards": [742.2908424908309, 512.1778501628542, 296.6750000000028, 708.9603053435001, 634.8157728706495, 603.0258064516034, 706.8866141732179, 712.5208480565252, 662.6865979381312, 685.01126760562, 674.1055555555408, 403.3460992907793, 779.1774319066028, 689.8355871886009, 637.4425855513173], "mean": 629.9305443057184, "std": 126.6504601181421, "history_length": 5, "model_path": "/home/maczek/Documents/UNI/Deep-Learning-LAB/exercise3/models/5/20181220-202223/agent.ckpt"}