{"episode_rewards": [692.0535211267481, 631.0499999999886, 685.0112676056201, 691.1907284768113, 753.64615384614, 546.6646864686363, 597.6193146417318, 694.0238267147911, 715.2362416107244, 439.23217665614317, 488.65017421601823, 665.5342657342535, 808.5591240875756, 615.4862745097919, 462.2999999999961], "mean": 632.4171837129979, "std": 104.25375637575229}