{"episode_rewards": [292.1303834808153, 389.53607038122124, 677.969014084494, 488.50967741934676, 608.6607594936595, 679.1103448275715, 680.3907172995678, 453.8069686411096, 595.878431372537, 561.7718309859033, 658.0781456953545, 527.5602523659178, 586.0745098039105, 792.2302788844511, 690.3405405405266], "mean": 578.8031950184258, "std": 126.60272869941022, "history_length": 5, "model_path": "/home/maczek/Documents/UNI/Deep-Learning-LAB/exercise3/models/5/20181220-202223/agent.ckpt"}